{
  "quality_1.0": {
    "accuracy": 0.8319302590411989,
    "f1_score": 0.7924337259078131
  },
  "quality_0.75": {
    "accuracy": 0.8319302590411989,
    "f1_score": 0.7924337259078131
  },
  "quality_0.5": {
    "accuracy": 0.8319302590411989,
    "f1_score": 0.7924337259078131
  },
  "quality_0.25": {
    "accuracy": 0.8319302590411989,
    "f1_score": 0.7924337259078131
  }
}