{
  "dropout_0.0": {
    "accuracy": 0.8319302590411989,
    "f1_score": 0.7924337259078131
  },
  "dropout_0.05": {
    "accuracy": 0.8319302590411989,
    "f1_score": 0.7924337259078131
  },
  "dropout_0.1": {
    "accuracy": 0.8319302590411989,
    "f1_score": 0.7924337259078131
  },
  "dropout_0.2": {
    "accuracy": 0.8319302590411989,
    "f1_score": 0.7924337259078131
  },
  "dropout_0.5": {
    "accuracy": 0.8319302590411989,
    "f1_score": 0.7924337259078131
  }
}