{
  "experiment_id": "mct_morphological_awareness_1765355229",
  "config": {
    "tokenizer_type": "mct",
    "task": "morphological_awareness",
    "language": "en"
  },
  "tokenizer_vocab_size": 89,
  "metrics": {
    "accuracy": 0.8319302590411989,
    "f1_score": 0.7924337259078131
  },
  "tokenization_stats": {
    "avg_tokens_per_sample": 26.714285714285715,
    "avg_chars_per_token": 2.9423205059149757,
    "max_sequence_length": 33,
    "unk_rate": 0.4117647058823529,
    "total_tokens": 0
  },
  "training_history": {
    "train_loss": [
      2.319713399228942,
      1.9375146591845598,
      1.9682356070820064
    ],
    "val_loss": [
      2.2125053776113335,
      2.1616053690744117,
      2.238349743711456
    ],
    "learning_rate": [
      2e-05,
      4e-05,
      6e-05
    ]
  }
}