tokenizer,avg_tokens_per_sample,avg_chars_per_token,avg_time_ms,unk_rate,valid_samples,total_tokens
BPE,19.72,4.175963488843814,0.022172496537677944,0.0,100,1972
WORDPIECE,19.62,4.197247706422019,0.014275857247412205,0.0030581039755351682,100,1962
SENTENCEPIECE,18.94,4.347940865892292,0.023519571404904127,0.0,100,1894
BYTELEVEL,18.68,4.408458244111349,0.022684542927891016,0.0,100,1868
BYT5,82.45,0.9987871437234688,0.00012703007087111473,0.0,100,8245
